Moman Insurance Brokerage & Co,8642342920
Tower Development Group,8646031275
Fischer's Sports Pub & Grill,8432430210
Matt's Burgers,8438211911
A J S Plants & Things LLC,8037812314
Shop N Go,8034256061
9 Twenty 3 Tax Service,8435259200
Laurel Creek United Methodist Church,8642978463
Scott's Hyponex Corporation,8035814511
C T R,8033248101
Celanese Rd Barber Shop,8033281666
Palmetto Cable Contractors LLC,8436612343
"Carolina Tobacco Exchange, LLC",8434649099
Jannetta Tony Plumbing Repair & Inspec,8033272666
Wesley Foundation,8033275640
Christian Fellowship Church,8033244655
Nazareth Baptist Church,8033288349
Pineville Ame Zion Church,8033271590
Stewart Family Chiropractic,8033276100
Thomas Painting & Wallcovering,8033242392
Bennets Cptain Clabash Seafood,8434482977
Dependable Pump & Irrigation R,8033972007
Ronnie Atkinson Painting,8438584606
Temple Saint James,8433874906
Elite Mechanical Services Inc,8648362665
Freemans Heating & Air Condit,8438814246
Olde South Chimney Sweeps,8436676686
Old Ashley Baptist Association,8435592800
Liberty Active Day Center,8648436905
Keowee Muffler Shop,8648787779
L & J Motorsports,8648364671
Sunny's Party Shop,8034759510
Time Off Lounge,8034991841
Hot Spot,8032569060
Moe's Southwest Grill,8436617807
"Lake Murray Ob/Gyn, LLC",8039965550
Gracewood Properties LLC,8036370342
Ppg 4667,8642899400
"Kevin Romosca Cpa, Attorney",8642329292
Spectra Printing & Dyeing Inc,8644277351
Ozark Carburetor Service,4794420787
Christ Temple of Summerville,8438755794
Ibr Plasma Center,8642322901
Jaime Thomas Htg & Ac Inc,8642881207
Bell Albert G,8644435816
Circle Cuts,8032599350
Witts Check Collection,8642279585
Curtis G Clark Attorney,8642238907
A Marvin Quattlebaum Attorney,8642320498
Carquest 1391,8645837251
Turner Murphy Co Inc,8436506624
China Kitchen,8438738202
Gibbs Samuel E,8438997159
Watertech Inc,8642889843
Afterdeck Hoa Pool Phone,8436513715
"Thomas Elizabeth T, Attorney",8437204304
Fulmers Monuments,8036857097
Shoney's,8435382040
Hearing Healthcare Center,8645879957
Cindy Collier & Associates,8437122599
Paint Specialist LLC,8647031713
Dollar General 10867,8433993740
Dollar General,8648687668
Billys Communications LLC,8434234154
Club Echelon,8437675677
Brick Warehouse No 2,8434646748
United Pentecostal Church,8037946264
Coffey's Appliances & Auctions,8037966864
Breakwater Docks,8033459676
Handi Houses Inc,8032762559
Country Haven Mobile Home Park,8033563330
Carpets By Lindler,8033561427
Sunshine House,8039577629
Dick Austin Motors,8037910282
All Pro Roofing,8432149897
Georgetown County Public Servi,8435204650
Advance Sales And Service Inc,8642251245
Deckerz,8432801200
Wigs Plus Beauty Supply,8037838878
Cgi,8437473642
Avant Gande Builders,8033616187
Michael Good Construction,8649792222
Mullinax Body Shop,8437618459
Johnson Middle School,8433463956
Bed & Breakfast Wellington,3154712433
"Fazio & Associates, Inc",8432972723
"Rabin, Jeffrey Attorney At Law",7186252900
Beyond the Bell After Sch Prgm,8643374138
Cecilia's Mexican Restaurant,8037727154
Nationwide Insurance: Riverview Enterprises,8438996508
Check 'n Go 2257,8433956004
Union Camp / Conway Box Unit,8034816700
"Pacific Gateway Capital Group, LLC",8642422288
Prestige Landscaping,8435729370
Lowcountry Billing Service,8039577111
Millcreek Animal Hospital Inc,8033591933
Carolina Community Enhancements Foundation,8038022642
Subway,8643665700
Maloney Baptist Church,8032475362
North Greenville Animal Hosp,8642448281
David Smith Chiropractic,8438560351
Nebo Baptist Church,8433620440
Office Logic Inc,8436268293
Hilton Head Diner Inc,8436862400
Steward Insurance Agency Inc,8435635238
American Financial Inc,8438756699
Abs Lincs Sc,8037919918
Azalea Garens Apartments,8032839305
Lyerlys Cleaners,8437955336
Warren & Associates,8648625351
Oswald & Stulb CPA Pc,8032783513
Law Offices Frank Lp Barnwell,8437221789
"Kerry W Koon, Attorney",8437957000
Elizabeth T Sullivan CPA,8436587683
Kyzer & Timmerman,8434483428
"Scott R Davis, Attorney",8645826015
Triangle Veterinary Clinic,8644273177
W Luke Perdue Dmd,8436232333
Greater Life Tabernacle Church,8034967307
D's Shoe Warehouse Inc,8037363976
Galactic Express,8033593941
The Computer Specialist,8434495666
Howard Chapel Ame Church,8436598025
Georgetown Auto Sales,8435273117
B & M Builders Inc,8034949220
Shambley Equine Clinic,8438755133
Nycon Construction Inc,8438868091
Catawba Chapel Zion Church,8033242549
Southeastern Oral & Maxillofacial Surgery Center Inc,8438154546
"Bi-Lo, LLC",8436504523
Ww Upholstery,8438218447
Law Offices Of Michael C Sgobbo LLC,8434020300
Kim's Beauty & Variety Shoppe,8037864487
Northpoint Heating & Air Inc,8037888081
Bailey Dda & Associates,8037996850
Cloak Chongha,8037381933
Lockhart David MD,8432491560
Phs Consulting Services Inc,8035326633
Huntley Enterprises Inc,8433830581
Interstate Truck Service,8648333712
Brockington Street Church God,8433463122
Warren Fastenings South Inc,8435541322
Friendship Baptist Church,8032859904
Quick Credit Corporation,8434239166
Professional Hair Styling,8435299297
Marathon Oil,8038724480
Total Graphics LLC,8437673744
Advance Cash Express,8434231799
Attitude Skills & Knowledge,8037822587
C C Tops,8032781333
D & D Roofing & Remodeling,8033242933
Steve Parker Painting,8645786298
MT Zion Ame Church,8435387457
W C Balmer & Co LLC,8649678250
Westside Baptist Church,8649637262
Sce&G,8438395555
Carolina Fitness,8645910793
Hunt's Memorial Baptist Church,8642469357
Campbell Cleaners,8035472237
Skys The Limit,8644875404
Arby's,8646273602
Nice Alterations,8646751110
Cutting Edge The,8646760654
Trendz Of Spartanburg LLC,8645738814
Eighty One Motors,8642695861
Cinemark Movies 8,8438731501
Yvonnes Salon & New Nails,8438511993
The Hair Shoppe,8642873260
Classic's Deli & Catering,8642691661
